<?xml version="1.0" encoding="UTF-8" standalone="yes"?>
<!--
 [y] hybris Platform

 Copyright (c) 2018 SAP SE or an SAP affiliate company.  All rights reserved.

 This software is the confidential and proprietary information of SAP
 ("Confidential Information"). You shall not disclose such Confidential
 Information and shall use it only in accordance with the terms of the
 license agreement you entered into with SAP.
-->
<config xmlns="http://www.hybris.com/cockpit/config"
		xmlns:wz="http://www.hybris.com/cockpitng/config/wizard-config"
		xmlns:y="http://www.hybris.com/cockpit/config/hybris">

	<!-- sdhbackoffice UI configuration should be provided here -->

	<!--<context component="component-code" module="sdhbackoffice">-->
		<!--Please check documentation for code snippets for specific components-->
	<!--</context>-->

	<!-- Begin SDH FAQs -->
	<!-- ExplorerTree -->
	<context merge-by="module" parent="auto" component="explorer-tree">
		<explorer-tree:explorer-tree xmlns:explorer-tree="http://www.hybris.com/cockpitng/config/explorertree">
			<explorer-tree:navigation-node id="hmc.sdhCustomerSupport">
				<explorer-tree:type-node code="sdhFAQsCategory" id="SdhFAQsCategory"/>
				<explorer-tree:type-node code="sdhFAQs" id="SdhFAQs"/>
			</explorer-tree:navigation-node>
		</explorer-tree:explorer-tree>
	</context>

	<!-- ListViews -->
	<context merge-by="type" parent="GenericItem" type="SdhFAQsCategory" component="listview">
		<list-view:list-view xmlns:list-view="http://www.hybris.com/cockpitng/component/listView">
			<list-view:column qualifier="code"/>
			<list-view:column qualifier="description"/>
		</list-view:list-view>
	</context>
	<context merge-by="type" parent="GenericItem" type="SdhFAQs" component="listview">
		<list-view:list-view xmlns:list-view="http://www.hybris.com/cockpitng/component/listView">
			<list-view:column qualifier="code"/>
			<list-view:column qualifier="category"/>
			<list-view:column qualifier="question"/>
		</list-view:list-view>
	</context>

	<!-- Wizards -->
	<context component="create-wizard" type="SdhFAQsCategory">
		<wz:flow id="sdhFAQsCategoryTypeWizard" title="create.title(ctx.TYPE_CODE)">
			<wz:prepare id="sdhFAQsCategoryTypeWizard">
				<wz:initialize property="newSdhFAQsCategory" type="ctx.TYPE_CODE"/>
			</wz:prepare>
			<wz:step id="step1" label="create.essential.label">
				<wz:content id="step1.content">
					<wz:property-list root="newSdhFAQsCategory">
						<wz:property qualifier="code"/>
						<wz:property qualifier="description"/>
					</wz:property-list>
				</wz:content>
				<wz:navigation id="step1.navigation">
					<wz:cancel/>
					<wz:done visible="newSdhFAQsCategory.code != null and newSdhFAQsCategory.description != null">
						<wz:save property="newSdhFAQsCategory"/>
					</wz:done>
				</wz:navigation>
			</wz:step>
		</wz:flow>
	</context>
	<context component="create-wizard" type="SdhFAQs">
		<wz:flow id="SdhFAQsTypeWizard" title="create.title(ctx.TYPE_CODE)">
			<wz:prepare id="SdhFAQsTypeWizard">
				<wz:initialize property="newSdhFAQs" type="ctx.TYPE_CODE"/>
			</wz:prepare>
			<wz:step id="step1" label="create.essential.label">
				<wz:content id="step1.content">
					<wz:property-list root="newSdhFAQs">
						<wz:property qualifier="code"/>
						<wz:property qualifier="category"/>
					</wz:property-list>
				</wz:content>
				<wz:navigation id="step1.navigation">
					<wz:cancel/>
					<wz:next visible="newSdhFAQs.code != null and newSdhFAQs.category != null"/>
				</wz:navigation>
			</wz:step>
			<wz:step id="step2" label="create.SdhFAQs.label">
				<wz:content id="step2.content">
					<wz:property-list root="newSdhFAQs">
						<wz:property qualifier="question"/>
						<wz:property qualifier="answer" editor="com.hybris.cockpitng.editor.wysiwyg"/>
					</wz:property-list>
				</wz:content>
				<wz:navigation id="step2.navigation">
					<wz:cancel/>
					<wz:back/>
					<wz:done>
						<wz:save property="newSdhFAQs"/>
					</wz:done>
				</wz:navigation>
			</wz:step>
		</wz:flow>
	</context>

	<!-- Tabs -->
	<context merge-by="type"  type="SdhFAQsCategory" component="editor-area" module="sdhbackoffice">
		<editorArea:editorArea xmlns:editorArea="http://www.hybris.com/cockpitng/component/editorArea" xmlns:na="http://www.hybris.com/cockpitng/config/notifications">
			<editorArea:tab name="hmc.tab.sdh.properties">
				<editorArea:section name="hmc.tab.sdh.data">
					<editorArea:attribute xmlns="http://www.hybris.com/cockpitng/component/editorArea" qualifier="code"/>
					<editorArea:attribute xmlns="http://www.hybris.com/cockpitng/component/editorArea" qualifier="description"/>
				</editorArea:section>
			</editorArea:tab>
		</editorArea:editorArea>
	</context>
	<context merge-by="type"  type="SdhFAQs" component="editor-area" module="sdhbackoffice">
		<editorArea:editorArea xmlns:editorArea="http://www.hybris.com/cockpitng/component/editorArea" xmlns:na="http://www.hybris.com/cockpitng/config/notifications">
			<editorArea:tab name="hmc.tab.sdh.properties">
				<editorArea:section name="hmc.tab.sdh.data">
					<editorArea:attribute xmlns="http://www.hybris.com/cockpitng/component/editorArea" qualifier="code"/>
					<editorArea:attribute xmlns="http://www.hybris.com/cockpitng/component/editorArea" qualifier="category"/>
					<editorArea:attribute xmlns="http://www.hybris.com/cockpitng/component/editorArea" qualifier="question"/>
					<editorArea:attribute xmlns="http://www.hybris.com/cockpitng/component/editorArea" qualifier="answer"
										  editor="com.hybris.cockpitng.editor.wysiwyg"/>
				</editorArea:section>
			</editorArea:tab>
		</editorArea:editorArea>
	</context>

	<!-- Labels -->
	<context merge-by="type" type="SdhFAQsCategory" component="base">
		<y:base>
			<y:labels>
				<y:label>'['+code+'] ' + description</y:label>
			</y:labels>
		</y:base>
	</context>
	<context merge-by="type" type="SdhFAQs" component="base">
		<y:base>
			<y:labels>
				<y:label>'['+code+'] ' + question</y:label>
			</y:labels>
		</y:base>
	</context>

	<!-- Searches -->
	<context merge-by="type" parent="GenericItem" type="SdhFAQsCategory" component="advanced-search">
		<advanced-search:advanced-search xmlns:advanced-search="http://www.hybris.com/cockpitng/config/advancedsearch">
			<advanced-search:field-list>
				<advanced-search:field
						xmlns="http://www.hybris.com/cockpitng/config/advancedsearch" name="code" selected="true"/>
				<advanced-search:field
						xmlns="http://www.hybris.com/cockpitng/config/advancedsearch" name="description" selected="true"/>
			</advanced-search:field-list>
		</advanced-search:advanced-search>
	</context>
	<context merge-by="type" parent="GenericItem" type="SdhFAQs" component="advanced-search">
		<advanced-search:advanced-search xmlns:advanced-search="http://www.hybris.com/cockpitng/config/advancedsearch">
			<advanced-search:field-list>
				<advanced-search:field
						xmlns="http://www.hybris.com/cockpitng/config/advancedsearch" name="code" selected="true"/>
				<advanced-search:field
						xmlns="http://www.hybris.com/cockpitng/config/advancedsearch" name="question" selected="true"/>
			</advanced-search:field-list>
		</advanced-search:advanced-search>
	</context>


	<!-- End SDH FAQs -->

	<context merge-by="principal" component="explorer-tree" principal="sdhemployeegroup">
		<explorer-tree:explorer-tree xmlns:explorer-tree="http://www.hybris.com/cockpitng/config/explorertree">
			<explorer-tree:navigation-node id="hmc_treenode_catalog" merge-mode="remove">

			</explorer-tree:navigation-node>
			<explorer-tree:navigation-node id="hmc_treenode_system" merge-mode="remove">

			</explorer-tree:navigation-node>
			<explorer-tree:navigation-node id="hmc_treenode_medias" merge-mode="remove">
			</explorer-tree:navigation-node>
			
			<explorer-tree:navigation-node id="hmc_treenode_user" merge-mode="replace">
				<explorer-tree:type-node code="UserGroup" id="hmc_typenode_usergroup"/>
		        <explorer-tree:type-node code="Customer" id="hmc_typenode_customer"/>
			</explorer-tree:navigation-node>
			
			<explorer-tree:navigation-node id="hmc_treenode_order" merge-mode="remove">

			</explorer-tree:navigation-node>
			<explorer-tree:navigation-node id="hmc_treenode_pricesettings" merge-mode="remove">

			</explorer-tree:navigation-node>
			<explorer-tree:navigation-node id="hmc_treenode_c2l" merge-mode="remove">

			</explorer-tree:navigation-node>
			<explorer-tree:navigation-node id="hmc_treenode_marketing" merge-mode="remove">

			</explorer-tree:navigation-node>
			<explorer-tree:navigation-node id="hmc.cockpit" merge-mode="remove">

			</explorer-tree:navigation-node>
			<explorer-tree:navigation-node id="hmc_ticketsystemgroup" merge-mode="remove">

			</explorer-tree:navigation-node>
			<explorer-tree:navigation-node id="hmc.cms2" merge-mode="remove">

			</explorer-tree:navigation-node>
			<explorer-tree:navigation-node id="hmc.group.basecommerce" merge-mode="remove">

			</explorer-tree:navigation-node>
			<explorer-tree:navigation-node id="hmc.group.basecommerce.deeplink" merge-mode="remove">

			</explorer-tree:navigation-node>
			
			<explorer-tree:navigation-node id="hmc.PSRelationship" merge-mode="remove">

			</explorer-tree:navigation-node>
			
			<explorer-tree:navigation-node id="hmc.PSBillPayment" merge-mode="remove">

			</explorer-tree:navigation-node>
			
			<explorer-tree:navigation-node id="hmc.PSAsset" merge-mode="remove">

			</explorer-tree:navigation-node>
			
		</explorer-tree:explorer-tree>
	</context>
	
	<context merge-by="type"  type="Customer" component="editor-area" module="sdhbackoffice">
        <editorArea:editorArea xmlns:editorArea="http://www.hybris.com/cockpitng/component/editorArea" xmlns:na="http://www.hybris.com/cockpitng/config/notifications">
            <editorArea:tab name="hmc.tab.sdh.properties">
                <editorArea:section name="hmc.tab.sdh.administration">
					<editorArea:attribute xmlns="http://www.hybris.com/cockpitng/component/editorArea" qualifier="numBP"/>
					<editorArea:attribute xmlns="http://www.hybris.com/cockpitng/component/editorArea" qualifier="documentType"/>
					<editorArea:attribute xmlns="http://www.hybris.com/cockpitng/component/editorArea" qualifier="documentNumber"/>
					<editorArea:attribute xmlns="http://www.hybris.com/cockpitng/component/editorArea" qualifier="documentExpeditionDate"/>
					<editorArea:attribute xmlns="http://www.hybris.com/cockpitng/component/editorArea" qualifier="firstName"/>
					<editorArea:attribute xmlns="http://www.hybris.com/cockpitng/component/editorArea" qualifier="middleName"/>
					<editorArea:attribute xmlns="http://www.hybris.com/cockpitng/component/editorArea" qualifier="lastName"/>
					<editorArea:attribute xmlns="http://www.hybris.com/cockpitng/component/editorArea" qualifier="secondLastName"/>
					<editorArea:attribute xmlns="http://www.hybris.com/cockpitng/component/editorArea" qualifier="sex"/>
					<editorArea:attribute xmlns="http://www.hybris.com/cockpitng/component/editorArea" qualifier="nationality"/>
					<editorArea:attribute xmlns="http://www.hybris.com/cockpitng/component/editorArea" qualifier="birthDate"/>
					<editorArea:attribute xmlns="http://www.hybris.com/cockpitng/component/editorArea" qualifier="birthPlace"/>
					<editorArea:attribute xmlns="http://www.hybris.com/cockpitng/component/editorArea" qualifier="originCountry"/>
					<editorArea:attribute xmlns="http://www.hybris.com/cockpitng/component/editorArea" qualifier="useEmailForNotifications"/>
					<editorArea:attribute xmlns="http://www.hybris.com/cockpitng/component/editorArea" qualifier="useInformationForInstitutionalPurposes"/>
					<editorArea:attribute xmlns="http://www.hybris.com/cockpitng/component/editorArea" qualifier="sdhTitle"/>
					<editorArea:attribute xmlns="http://www.hybris.com/cockpitng/component/editorArea" qualifier="nameOrg1"/>
					<editorArea:attribute xmlns="http://www.hybris.com/cockpitng/component/editorArea" qualifier="nameOrg2"/>
					<editorArea:attribute xmlns="http://www.hybris.com/cockpitng/component/editorArea" qualifier="nameOrg3"/>
					<editorArea:attribute xmlns="http://www.hybris.com/cockpitng/component/editorArea" qualifier="nameOrg4"/>
					<editorArea:attribute xmlns="http://www.hybris.com/cockpitng/component/editorArea" qualifier="digVer"/>
					<editorArea:attribute xmlns="http://www.hybris.com/cockpitng/component/editorArea" qualifier="legalEntity"/>
					<editorArea:attribute xmlns="http://www.hybris.com/cockpitng/component/editorArea" qualifier="legalOrg"/>
					<editorArea:attribute xmlns="http://www.hybris.com/cockpitng/component/editorArea" qualifier="addressList"/>
					<editorArea:attribute xmlns="http://www.hybris.com/cockpitng/component/editorArea" qualifier="phoneList"/>
					<editorArea:attribute xmlns="http://www.hybris.com/cockpitng/component/editorArea" qualifier="agentList"/>
					<editorArea:attribute xmlns="http://www.hybris.com/cockpitng/component/editorArea" qualifier="networkList"/>
					<editorArea:attribute xmlns="http://www.hybris.com/cockpitng/component/editorArea" qualifier="rolList"/>
					<editorArea:attribute xmlns="http://www.hybris.com/cockpitng/component/editorArea" qualifier="exteriorPublicityTaxList"/>
					<editorArea:attribute xmlns="http://www.hybris.com/cockpitng/component/editorArea" qualifier="gasTaxList"/>
					<editorArea:attribute xmlns="http://www.hybris.com/cockpitng/component/editorArea" qualifier="vehiculosTaxList"/>
				</editorArea:section>
			</editorArea:tab>
		</editorArea:editorArea>
	</context>
	 <context merge-by="type" parent="GenericItem" type="SDHAddress" component="base" module="sdhbackoffice">
        <y:base xmlns:y="http://www.hybris.com/cockpit/config/hybris" xmlns:na="http://www.hybris.com/cockpitng/config/notifications">
            <y:labels>
                <y:label>addKind+' '+street</y:label>
			</y:labels>
		</y:base>
    </context>
    <context merge-by="type" parent="GenericItem" type="SDHPhone" component="base" module="sdhbackoffice">
        <y:base xmlns:y="http://www.hybris.com/cockpit/config/hybris" xmlns:na="http://www.hybris.com/cockpitng/config/notifications">
            <y:labels>
                <y:label>phoneKind+' '+phoneNumber</y:label>
			</y:labels>
		</y:base>
    </context>
     <context merge-by="type" parent="GenericItem" type="SDHSocialNetwork" component="base" module="sdhbackoffice">
        <y:base xmlns:y="http://www.hybris.com/cockpit/config/hybris" xmlns:na="http://www.hybris.com/cockpitng/config/notifications">
            <y:labels>
                <y:label>socialNetwork+' '+username</y:label>
			</y:labels>
		</y:base>
    </context>
     <context merge-by="type" parent="GenericItem" type="SDHRol" component="base" module="sdhbackoffice">
        <y:base xmlns:y="http://www.hybris.com/cockpit/config/hybris" xmlns:na="http://www.hybris.com/cockpitng/config/notifications">
            <y:labels>
                <y:label>rol</y:label>
			</y:labels>
		</y:base>
    </context>
     <context merge-by="type" parent="GenericItem" type="SDHExteriorPublicityTax" component="base" module="sdhbackoffice">
        <y:base xmlns:y="http://www.hybris.com/cockpit/config/hybris" xmlns:na="http://www.hybris.com/cockpitng/config/notifications">
            <y:labels>
                <y:label>resolutionNumber</y:label>
			</y:labels>
		</y:base>
    </context>
	 <context merge-by="type" parent="GenericItem" type="SDHVehiculosTax" component="base" module="sdhbackoffice">
        <y:base xmlns:y="http://www.hybris.com/cockpit/config/hybris" xmlns:na="http://www.hybris.com/cockpitng/config/notifications">
            <y:labels>
                <y:label>placa</y:label>
			</y:labels>
		</y:base>
    </context>
    <context merge-by="type" parent="GenericItem" type="SDHGasTax" component="base" module="sdhbackoffice">
        <y:base xmlns:y="http://www.hybris.com/cockpit/config/hybris" xmlns:na="http://www.hybris.com/cockpitng/config/notifications">
            <y:labels>
                <y:label>documentNumber</y:label>
			</y:labels>
		</y:base>
    </context>
     <context merge-by="type" parent="GenericItem" type="SDHAgent" component="base" module="sdhbackoffice">
        <y:base xmlns:y="http://www.hybris.com/cockpit/config/hybris" xmlns:na="http://www.hybris.com/cockpitng/config/notifications">
            <y:labels>
                <y:label>documentNumber+' '+completeName</y:label>
			</y:labels>
		</y:base>
    </context>
    <context merge-by="type" parent="GenericItem" type="BaseStore" component="editor-area">
        <editorArea:editorArea xmlns:editorArea="http://www.hybris.com/cockpitng/component/editorArea">
            <editorArea:tab name="hmc.properties">
                <editorArea:section name="hmc.section.basestore.captchacheckenabled">
                    <editorArea:attribute xmlns="http://www.hybris.com/cockpitng/component/editorArea" qualifier="captchaCheckEnabled"/>
                </editorArea:section>
            </editorArea:tab>
        </editorArea:editorArea>
    </context>
</config>
